month,prediction
6,0.0
7,0.12903225806451613
8,0.3870967741935484
9,1.0
10,0.06451612903225806
11,0.0
12,0.0
